Workbook

Sheet Overview
B2: Phase 1 Detailed Plan — Foundations (Weeks 1-2)
B3: Objective: lock the brand and design-system foundations that every later phase builds on, while shipping the quick conversion fixes identified in the UI/UX audit. By the end of Phase 1, the logo is final, a v1 token-based component library is published, and five conversion fixes are live in production.
B7: Workstream summary
B8: Workstream | C8: Total Tasks | D8: P0 Tasks | E8: Done | F8: % Complete
B9: Brand | C9: =COUNTIF('Phase 1 Tasks'!$B:$B,"Brand") -> 5 | D9: =COUNTIFS('Phase 1 Tasks'!$B:$B,"Brand",'Phase 1 Tasks'!$E:$E,"P0 - Critical") -> 2 | E9: =COUNTIFS('Phase 1 Tasks'!$B:$B,"Brand",'Phase 1 Tasks'!$M:$M,"Done") -> 0 | F9: =IF(C9=0,0,E9/C9) -> 0
B10: Design System | C10: =COUNTIF('Phase 1 Tasks'!$B:$B,"Design System") -> 6 | D10: =COUNTIFS('Phase 1 Tasks'!$B:$B,"Design System",'Phase 1 Tasks'!$E:$E,"P0 - Critical") -> 4 | E10: =COUNTIFS('Phase 1 Tasks'!$B:$B,"Design System",'Phase 1 Tasks'!$M:$M,"Done") -> 3 | F10: =IF(C10=0,0,E10/C10) -> 0.5
B11: Messaging & CTA | C11: =COUNTIF('Phase 1 Tasks'!$B:$B,"Messaging & CTA") -> 20 | D11: =COUNTIFS('Phase 1 Tasks'!$B:$B,"Messaging & CTA",'Phase 1 Tasks'!$E:$E,"P0 - Critical") -> 9 | E11: =COUNTIFS('Phase 1 Tasks'!$B:$B,"Messaging & CTA",'Phase 1 Tasks'!$M:$M,"Done") -> 0 | F11: =IF(C11=0,0,E11/C11) -> 0
B12: Pricing & Credits | C12: =COUNTIF('Phase 1 Tasks'!$B:$B,"Pricing & Credits") -> 3 | D12: =COUNTIFS('Phase 1 Tasks'!$B:$B,"Pricing & Credits",'Phase 1 Tasks'!$E:$E,"P0 - Critical") -> 2 | E12: =COUNTIFS('Phase 1 Tasks'!$B:$B,"Pricing & Credits",'Phase 1 Tasks'!$M:$M,"Done") -> 0 | F12: =IF(C12=0,0,E12/C12) -> 0
B13: Wrap-up | C13: =COUNTIF('Phase 1 Tasks'!$B:$B,"Wrap-up") -> 2 | D13: =COUNTIFS('Phase 1 Tasks'!$B:$B,"Wrap-up",'Phase 1 Tasks'!$E:$E,"P0 - Critical") -> 1 | E13: =COUNTIFS('Phase 1 Tasks'!$B:$B,"Wrap-up",'Phase 1 Tasks'!$M:$M,"Done") -> 0 | F13: =IF(C13=0,0,E13/C13) -> 0
B14: Total | C14: =SUM(C9:C13) -> 36 | D14: =SUM(D9:D13) -> 18 | E14: =SUM(E9:E13) -> 3 | F14: =IF(C14=0,0,E14/C14) -> 0.083333333
B17: Priority summary
B18: Priority | C18: Task Count | D18: Done
B19: P0 - Critical | C19: =COUNTIF('Phase 1 Tasks'!$E:$E,"P0 - Critical") -> 18 | D19: =COUNTIFS('Phase 1 Tasks'!$E:$E,"P0 - Critical",'Phase 1 Tasks'!$M:$M,"Done") -> 2
B20: P1 - High | C20: =COUNTIF('Phase 1 Tasks'!$E:$E,"P1 - High") -> 11 | D20: =COUNTIFS('Phase 1 Tasks'!$E:$E,"P1 - High",'Phase 1 Tasks'!$M:$M,"Done") -> 1
B21: P2 - Medium | C21: =COUNTIF('Phase 1 Tasks'!$E:$E,"P2 - Medium") -> 7 | D21: =COUNTIFS('Phase 1 Tasks'!$E:$E,"P2 - Medium",'Phase 1 Tasks'!$M:$M,"Done") -> 0
B25: Phase 1 exit criteria (definition of done)
B26: - Final logo, favicon, and icon set are locked and in use across the site.
B27: - v1 token-based component library is published and used for every new UI shipped in this phase.
B28: - Homepage hero states the AI+human hybrid model live in production.
B29: - "Try AI Free" nav pill is live on every legacy page.
B30: - A single, standardized "Ask a Designer" CTA replaces the five prior phrasings everywhere.
B31: - Credit-consumption audit memo is delivered to stakeholders ahead of Phase 3.
B32: - Non-blocking persona row is live on the homepage.
B33: - Redesign My Room results screen shows one primary CTA instead of four.
B34: - Score My Room gating matches the "Free - 3/mo" pattern used by the other live tools.

Sheet Phase 1 Tasks
A1: ID | B1: Workstream | C1: Feature | D1: Task | E1: Priority | F1: Owner | G1: Week | H1: Start Day | I1: End Day | J1: Duration (days) | K1: Depends On | L1: Deliverable / Acceptance Criteria | M1: Status
A2: BR1 | B2: Brand | C2: Logo finalization | D2: Review existing logo variations and gather stakeholder feedback | E2: P0 - Critical | F2: Brand Designer | G2: Week 1 | H2: 1 | I2: 1 | J2: =I2-H2+1 -> 1 | K2: - | L2: Signed-off direction memo from stakeholders | M2: In Progress
A3: BR2 | B3: Brand | C3: Logo finalization | D3: Finalize primary mark and wordmark lockup | E3: P0 - Critical | F3: Brand Designer | G3: Week 1 | H3: 1 | I3: 2 | J3: =I3-H3+1 -> 2 | K3: BR1 | L3: Final vector logo files (SVG/AI) approved | M3: In Progress
A4: BR3 | B4: Brand | C4: Logo finalization | D4: Define color variants (light / dark / mono) | E4: P1 - High | F4: Brand Designer | G4: Week 1 | H4: 2 | I4: 2 | J4: =I4-H4+1 -> 1 | K4: BR2 | L4: 3 approved color variants exported | M4: Not Started
A5: BR4 | B5: Brand | C5: Logo finalization | D5: Export favicon and app icon set | E5: P1 - High | F5: Brand Designer | G5: Week 1 | H5: 2 | I5: 2 | J5: =I5-H5+1 -> 1 | K5: BR2 | L5: Favicon .ico + app icons (16-512px) delivered | M5: Not Started
A6: BR5 | B6: Brand | C6: Logo finalization | D6: Document logo usage guidelines | E6: P2 - Medium | F6: Brand Designer | G6: Week 1 | H6: 2 | I6: 2 | J6: =I6-H6+1 -> 1 | K6: BR2 | L6: 1-page usage doc: clear space, minimum size, do/don't | M6: Not Started
A7: DS1 | B7: Design System | C7: Token library | D7: Audit current site for existing visual patterns | E7: P0 - Critical | F7: Product Designer | G7: Week 1 | H7: 1 | I7: 2 | J7: =I7-H7+1 -> 2 | K7: - | L7: Pattern inventory doc covering colors, type, spacing, components | M7: Done
A8: DS2 | B8: Design System | C8: Token library | D8: Define token taxonomy (color, type, spacing, radius, shadow) | E8: P0 - Critical | F8: Design Lead | G8: Week 1 | H8: 2 | I8: 3 | J8: =I8-H8+1 -> 2 | K8: DS1 | L8: Token naming spec reviewed and approved | M8: Done
A9: DS3 | B9: Design System | C9: Token library | D9: Set up base Figma library file structure | E9: P1 - High | F9: Product Designer | G9: Week 1 | H9: 3 | I9: 3 | J9: =I9-H9+1 -> 1 | K9: DS2 | L9: Library file created with page structure in place | M9: Done
A10: DS4 | B10: Design System | C10: Token library | D10: Populate core tokens (color / type / spacing) into library | E10: P0 - Critical | F10: Product Designer | G10: Week 1 | H10: 3 | I10: 4 | J10: =I10-H10+1 -> 2 | K10: DS3 | L10: All core tokens published as Figma variables | M10: In Progress
A11: DS5 | B11: Design System | C11: Token library | D11: Build enhanced core components (buttons, cards, badges, fields) | E11: P0 - Critical | F11: Product Designer | G11: Week 2 | H11: 6 | I11: 8 | J11: =I11-H11+1 -> 3 | K11: DS4 | L11: Component set covers every pattern used in this phase's CTA work | M11: In Progress
A12: DS6 | B12: Design System | C12: Token library | D12: QA library against live site and publish v1 | E12: P1 - High | F12: Design Lead | G12: Week 2 | H12: 8 | I12: 9 | J12: =I12-H12+1 -> 2 | K12: DS5 | L12: v1 library published; no orphaned styles; changelog written | M12: In Progress
A13: CX1 | B13: Messaging & CTA | C13: Hero messaging | D13: Draft 3 hero headline / sub-line variants (AI+human hybrid) | E13: P0 - Critical | F13: Copywriter | G13: Week 1 | H13: 1 | I13: 1 | J13: =I13-H13+1 -> 1 | K13: - | L13: 3 options delivered with rationale | M13: Not Started
... A37: WU2 | B37: Wrap-up | C37: Phase close | D37: Phase 1 retro and Phase 2 kickoff prep | E37: P2 - Medium | F37: PM | G37: Week 2 | H37: 10 | I37: 10 | J37: =I37-H37+1 -> 1 | K37: WU1 | L37: Retro notes and Phase 2 kickoff agenda sent | M37: Not Started

Sheet Gantt (Day 1-10)
A1: ID | B1: Task | C1: Workstream | D1: Day 1 Mon | E1: Day 2 Tue | F1: Day 3 Wed | G1: Day 4 Thu | H1: Day 5 Fri | I1: Day 6 Mon | J1: Day 7 Tue | K1: Day 8 Wed | L1: Day 9 Thu | M1: Day 10 Fri
A2: BR1 | B2: Review existing logo variations and gather stakeholder feedback | C2: Brand
A3: BR2 | B3: Finalize primary mark and wordmark lockup | C3: Brand
A4: BR3 | B4: Define color variants (light / dark / mono) | C4: Brand
A5: BR4 | B5: Export favicon and app icon set | C5: Brand
A6: BR5 | B6: Document logo usage guidelines | C6: Brand
A7: DS1 | B7: Audit current site for existing visual patterns | C7: Design System
A8: DS2 | B8: Define token taxonomy (color, type, spacing, radius, shadow) | C8: Design System
A9: DS3 | B9: Set up base Figma library file structure | C9: Design System
A10: DS4 | B10: Populate core tokens (color / type / spacing) into library | C10: Design System
A11: DS5 | B11: Build enhanced core components (buttons, cards, badges, fields) | C11: Design System
A12: DS6 | B12: QA library against live site and publish v1 | C12: Design System
A13: CX1 | B13: Draft 3 hero headline / sub-line variants (AI+human hybrid) | C13: Messaging & CTA
... A37: WU2 | B37: Phase 1 retro and Phase 2 kickoff prep | C37: Wrap-up

Sheet Legend
B2: Legend
B4: Priority
B5: P0 - Critical | C5: Must ship this phase. Blocks the phase exit criteria or a downstream phase.
B6: P1 - High | C6: Should ship this phase. Important but has limited workaround if slipped by a few days.
B7: P2 - Medium | C7: Nice to have this phase. Safe to slip into Phase 2 if the schedule is tight.
B10: Workstream
B11: Brand
B12: Design System
B13: Messaging & CTA
B14: Pricing & Credits
B15: Wrap-up
B18: How to use this workbook
B19: - Phase 1 Tasks is the working sheet — update Owner, Status, and dates as work progresses.
B20: - Priority, Owner, Workstream, and Status are all dropdowns; colors update automatically.
B21: - Depends On lists task IDs that must finish first — check it before moving a task's dates.
B22: - The Gantt tab is a snapshot of this plan; if dates shift, edit Start/End Day on Phase 1 Tasks and rebuild the shading.
B23: - The Overview tab's totals and % complete update automatically as Status is marked "Done".
